,precision,recall,f1-score,support
1,0.9913442940038685,0.9363636363636365,0.9607064809178588,44.0
0,0.9995198339853527,0.9999313186813186,0.9997254190396511,5824.0
accuracy,0.9994546693933197,0.9994546693933197,0.9994546693933197,0.9994546693933197
macro avg,0.9954320639946104,0.9681474775224774,0.9802159499787549,5868.0
weighted avg,0.9994585313679046,0.9994546693933197,0.9994328434981787,5868.0
