,precision,recall,f1-score,support
Benign,1.0,0.823113676077994,0.9028704281971468,144.6
ACK,0.7968800062811536,1.0,0.8867758175142286,100.6
accuracy,0.8955931640949062,0.8955931640949062,0.8955931640949062,0.8955931640949062
macro avg,0.8984400031405769,0.911556838038997,0.8948231228556878,245.2
weighted avg,0.9170587990876964,0.8955931640949062,0.8964521265232046,245.2
