,precision,recall,f1-score,support
Benign,0.6442997532480291,0.47144938162740024,0.537770703555654,36.8
ARP,0.6883627402578714,0.8200149334059065,0.7450372913203898,52.6
accuracy,0.6722971285892634,0.6722971285892634,0.6722971285892634,0.6722971285892634
macro avg,0.6663312467529503,0.6457321575166532,0.6414039974380218,89.4
weighted avg,0.677215657282912,0.6722971285892634,0.6605776004757139,89.4
