,precision,recall,f1-score,support
Benign,0.9539852036233156,0.9588832567418084,0.9562364594136291,167.0
BF,0.7541676731078905,0.7470667359070052,0.7465612331048908,29.8
accuracy,0.9258183984253601,0.9258183984253601,0.9258183984253601,0.9258183984253601
macro avg,0.8540764383656031,0.8529749963244067,0.85139884625926,196.8
weighted avg,0.926679069263891,0.9258183984253601,0.9254145983227697,196.8
