,precision,recall,f1-score,support
Benign,0.8503281164086095,1.0,0.918901842080691,167.0
BF,0.4,0.014667605393411845,0.028289408866995068,29.8
accuracy,0.8506034393452813,0.8506034393452813,0.8506034393452813,0.8506034393452813
macro avg,0.6251640582043048,0.5073338026967059,0.4735956254738431,196.8
weighted avg,0.7781161555283002,0.8506034393452813,0.7840465539163597,196.8
