,precision,recall,f1-score,support
Benign,0.995983169129721,0.8470838100058149,0.9153362747875207,144.4
HTTP,0.9101291781825184,0.9977253429155161,0.9518655323435548,223.6
accuracy,0.9388586956521738,0.9388586956521738,0.9388586956521738,0.9388586956521738
macro avg,0.9530561736561195,0.9224045764606654,0.9336009035655378,368.0
weighted avg,0.9439903901851355,0.9388586956521738,0.937767280874487,368.0
