,precision,recall,f1-score,support
Benign,1.0,0.9986062548562549,0.9993006907512685,144.4
UDP,0.9657142857142856,1.0,0.9811965811965813,4.0
accuracy,0.998653183384727,0.998653183384727,0.998653183384727,0.998653183384727
macro avg,0.9828571428571429,0.9993031274281275,0.9902486359739248,148.4
weighted avg,0.9988841957969473,0.998653183384727,0.9987141794597576,148.4
