,precision,recall,f1-score,support
Benign,0.9473328298213237,1.0,0.972948989945426,3719.8
ACK,1.0,0.2625269792220283,0.41546306238616265,280.2
accuracy,0.9483,0.9483,0.9483,0.9483
macro avg,0.973666414910662,0.6312634896110142,0.6942060261657943,4000.0
weighted avg,0.9510417085098529,0.9483,0.9338570356486382,4000.0
