,precision,recall,f1-score,support
Benign,0.9895407148751723,0.9913929680236828,0.9904617318229946,1045.2
ARP,0.9971499388673042,0.996513571496717,0.9968311834268502,3159.6
accuracy,0.9952435028753545,0.9952435028753545,0.9952435028753545,0.9952435028753545
macro avg,0.9933453268712382,0.9939532697601999,0.9936464576249223,4204.8
weighted avg,0.9952493775531115,0.9952435028753545,0.9952447376004286,4204.8
