,precision,recall,f1-score,support
Benign,0.9995787740522862,0.9994309098464063,0.9995048170290349,8785.4
BF,0.951584143790422,0.9638066245248262,0.9575154945246579,102.2
accuracy,0.9990211014743873,0.9990211014743873,0.9990211014743873,0.9990211014743873
macro avg,0.975581458921354,0.9816187671856161,0.9785101557768463,8887.6
weighted avg,0.9990324294276132,0.9990211014743873,0.9990247399500563,8887.6
