,precision,recall,f1-score,support
Benign,0.999968508273453,0.9999606237185127,0.9999645642906432,12700.2
OS,0.9959567828851366,0.9966915900218355,0.9963060997233513,121.0
accuracy,0.9999298026674988,0.9999298026674988,0.9999298026674988,0.9999298026674988
macro avg,0.9979626455792948,0.998326106870174,0.9981353320069972,12821.2
weighted avg,0.9999300442025494,0.9999298026674988,0.9999297487652747,12821.2
