,precision,recall,f1-score,support
Benign,0.9999005222519923,1.0,0.9999502487531403,2000.0
SP,1.0,0.9991614218909322,0.9995798300783406,248.4
accuracy,0.9999110320284696,0.9999110320284696,0.9999110320284696,0.9999110320284696
macro avg,0.9999502611259962,0.9995807109454662,0.9997650394157404,2248.4
weighted avg,0.9999110762801371,0.9999110320284696,0.9999109496399745,2248.4
