,precision,recall,f1-score,support
Benign,1.0,0.9998733642887295,0.9999366420274551,2365.0
SP,0.9987854251012145,1.0,0.9993890020366599,248.4
accuracy,0.9998851894374283,0.9998851894374283,0.9998851894374283,0.9998851894374283
macro avg,0.9993927125506072,0.9999366821443647,0.9996628220320576,2613.4
weighted avg,0.9998865838977025,0.9998851894374283,0.9998855038117054,2613.4
