,precision,recall,f1-score,support
Benign,0.9996305918936217,0.9981159184780681,0.9988719120662847,2167.2
SYN,0.99775734140715,0.9995646190255698,0.9986590642910975,1832.8
accuracy,0.998775,0.998775,0.998775,0.998775
macro avg,0.998693966650386,0.9988402687518189,0.9987654881786913,4000.0
weighted avg,0.9987784372936938,0.998775,0.9987751157333171,4000.0
