,precision,recall,f1-score,support
Benign,0.0006303924094417663,0.9963855421686747,0.001259987650823311,166.0
UDP,0.9971911501014639,0.0006223939872090984,0.0012438137959963286,262374.0
accuracy,0.0012519996952845278,0.0012519996952845278,0.0012519996952845278,0.0012519996952845278
macro avg,0.4989107712554529,0.4985039680779419,0.0012519007234098195,262540.0
weighted avg,0.9965610400771749,0.0012519996952845278,0.001243824022475727,262540.0
