,precision,recall,f1-score,support
Benign,0.9949661011503116,0.8195874777118645,0.8981597337115736,144.6
ACK,0.7937558769886269,0.9940993532878899,0.8819860086977366,100.6
accuracy,0.8910817985730877,0.8910817985730877,0.8910817985730877,0.8910817985730877
macro avg,0.8943609890694694,0.9068434154998772,0.8900728712046553,245.2
weighted avg,0.9131850969466381,0.8910817985730877,0.8919302350170966,245.2
