,precision,recall,f1-score,support
Benign,0.9746063548119963,0.6620507880264248,0.7882664104144528,144.6
ACK,0.6668763549084599,0.974933065789766,0.7915835106096651,100.6
accuracy,0.7903716608594658,0.7903716608594658,0.7903716608594658,0.7903716608594658
macro avg,0.820741354860228,0.8184919269080954,0.7899249605120588,245.2
weighted avg,0.849126214305705,0.7903716608594658,0.7901257912214492,245.2
