,precision,recall,f1-score,support
Benign,0.9307788189810624,0.6001238797248829,0.729087942654379,144.4
HTTP,0.7897505286520363,0.9713522225020721,0.8709832197795893,223.6
accuracy,0.8252717391304347,0.8252717391304347,0.8252717391304347,0.8252717391304347
macro avg,0.8602646738165495,0.7857380511134775,0.8000355812169841,368.0
weighted avg,0.8454195317918932,0.8252717391304347,0.8152024496151098,368.0
