,precision,recall,f1-score,support
Benign,0.9832267791915712,0.8567525346952586,0.9153885617870445,144.4
HTTP,0.9146923043599886,0.9906657477753595,0.9510803387946389,223.6
accuracy,0.9380434782608693,0.9380434782608693,0.9380434782608693,0.9380434782608693
macro avg,0.9489595417757798,0.9237091412353091,0.9332344502908416,368.0
weighted avg,0.9417301340092413,0.9380434782608693,0.9371069734278825,368.0
