,precision,recall,f1-score,support
Benign,0.7,0.006160485572267414,0.012200491766837171,144.4
HTTP,0.6089825115248692,0.9995575221238937,0.7566706154846473,223.6
accuracy,0.6097826086956522,0.6097826086956522,0.6097826086956522,0.6097826086956522
macro avg,0.6544912557624345,0.5028590038480806,0.3844355536257423,368.0
weighted avg,0.6486618983279506,0.6097826086956522,0.4648959335317855,368.0
