,precision,recall,f1-score,support
Benign,1.0,0.9194444444444443,0.9549787993000404,8.4
SYN,0.9997630594426192,1.0,0.9998814946300465,3376.2
accuracy,0.9997636195704175,0.9997636195704175,0.9997636195704175,0.9997636195704175
macro avg,0.9998815297213095,0.9597222222222221,0.9774301469650435,3384.6
weighted avg,0.9997637595751299,0.9997636195704175,0.999749942057611,3384.6
