,precision,recall,f1-score,support
Benign,1.0,0.9707070707070707,0.9841176470588235,8.4
SYN,0.9999111198876601,1.0,0.9999555489682663,3376.2
accuracy,0.9999113475177305,0.9999113475177305,0.9999113475177305,0.9999113475177305
macro avg,0.9999555599438301,0.9853535353535353,0.992036598013545,3384.6
weighted avg,0.9999113912941408,0.9999113475177305,0.999907534240027,3384.6
