,precision,recall,f1-score,support
Benign,0.331951258236088,0.7748917748917749,0.45955929562100656,8.4
SYN,0.9993462275310201,0.996326836409912,0.9978341122813136,3376.2
accuracy,0.9956863299705627,0.9956863299705627,0.9956863299705627,0.9956863299705627
macro avg,0.6656487428835541,0.8856093056508435,0.72869670395116,3384.6
weighted avg,0.9976946172967782,0.9956863299705627,0.9964873476386649,3384.6
