,precision,recall,f1-score,support
Benign,1.0,0.9965371539582322,0.9982553261810476,144.4
UDP,0.9178571428571429,1.0,0.9507492507492508,4.0
accuracy,0.9966352258298568,0.9966352258298568,0.9966352258298568,0.9966352258298568
macro avg,0.9589285714285716,0.9982685769791161,0.9745022884651492,148.4
weighted avg,0.9977635653390686,0.9966352258298568,0.9969711476831001,148.4
