,precision,recall,f1-score,support
1,0.9984033297269853,1.0,0.9992008334644389,10000.0
0,1.0,0.9984,0.999199164461557,10000.0
accuracy,0.9992000000000001,0.9992000000000001,0.9992000000000001,0.9992000000000001
macro avg,0.9992016648634928,0.9992000000000001,0.9991999989629978,20000.0
weighted avg,0.9992016648634927,0.9992000000000001,0.9991999989629978,20000.0
