,precision,recall,f1-score,support
1,0.8146389424260322,0.474397156307042,0.5992176116442003,10409.0
0,0.6077613769927128,0.8829423417787507,0.7198619208545901,9591.0
accuracy,0.6703149999999999,0.6703149999999999,0.6703149999999999,0.6703149999999999
macro avg,0.7112001597093726,0.6786697490428966,0.6595397662493953,20000.0
weighted avg,0.715430805922484,0.6703149999999999,0.6570725901260428,20000.0
