,precision,recall,f1-score,support
1,0.5001250312578146,1.0,0.6667777962993834,10000.0
0,1.0,0.0005000000000000001,0.0009995002498750624,10000.0
accuracy,0.5002500000000001,0.5002500000000001,0.5002500000000001,0.5002500000000001
macro avg,0.7500625156289072,0.5002500000000001,0.3338886482746291,20000.0
weighted avg,0.7500625156289072,0.5002500000000001,0.3338886482746291,20000.0
