,precision,recall,f1-score,support
1,1.0,0.9999,0.999949997499875,10000.0
0,0.9919354838709677,1.0,0.9959514170040487,123.0
accuracy,0.9999012150548257,0.9999012150548257,0.9999012150548257,0.9999012150548257
macro avg,0.9959677419354838,0.9999499999999999,0.9979507072519616,10123.0
weighted avg,0.9999020117076094,0.9999012150548257,0.9999014125546033,10123.0
