,precision,recall,f1-score,support
1,1.0,0.9997646135739504,0.999882283696292,2549.0
0,0.9986332574031891,1.0,0.999315849486887,438.0
accuracy,0.9997991295614327,0.9997991295614327,0.9997991295614327,0.9997991295614327
macro avg,0.9993166287015945,0.9998823067869752,0.9995990665915896,2987.0
weighted avg,0.9997995871250742,0.9997991295614327,0.9997992243780063,2987.0
