,precision,recall,f1-score,support
1,1.0,0.8701451549627304,0.9305642962030627,2549.0
0,0.5695708712613784,1.0,0.7257663628831815,438.0
accuracy,0.8891864747238032,0.8891864747238032,0.8891864747238032,0.8891864747238032
macro avg,0.7847854356306891,0.9350725774813655,0.8281653295431222,2987.0
weighted avg,0.936883843860892,0.8891864747238032,0.900533665204031,2987.0
