,precision,recall,f1-score,support
1,0.42779316712834714,0.4633,0.4448391742678829,10000.0
0,0.41389101234028614,0.3794933413437468,0.3959465106560801,9987.0
accuracy,0.42142392555160857,0.42142392555160857,0.42142392555160857,0.42142392555160857
macro avg,0.4208420897343167,0.42139667067187336,0.4203928424619815,19987.0
weighted avg,0.42084661087336306,0.42142392555160857,0.4204087429129485,19987.0
