Dataset,SW,T,CV,ML,Acc,b_Acc,Prec,Rec,F1,kap,ROC,tra-T,test-T
ACK,0,1,0,DT,0.8626350498105795,0.8802753968297214,0.5629249313602762,0.8802753968297214,0.5747507882459341,0.19357896660291052,0.8802753968297216,0.0,0.0
ACK,0,1,1,DT,0.8581450820822225,0.8779795150676323,0.5611094715173193,0.8779795150676323,0.5706448701741549,0.18768247248390757,0.8779795150676323,0.0,0.0
ACK,0,1,2,DT,0.8577241476076891,0.8839498974663564,0.5617670813224883,0.8839498974663564,0.5714545446782591,0.1896277690250452,0.8839498974663564,0.0,0.0
ACK,0,1,3,DT,0.9964922127122211,0.9239788866063271,0.9945800491567082,0.9239788866063271,0.9564425326231801,0.9128963296441888,0.9239788866063272,0.0,0.0
ACK,0,1,4,DT,0.8688087554370703,0.8494113170260339,0.5608239089440847,0.8494113170260339,0.5736357180510951,0.1876151679417558,0.8494113170260339,0.0,0.0
