Dataset,SW,T,CV,ML,Acc,b_Acc,Prec,Rec,F1,kap,ROC,tra-T,test-T
ARP,0,1,0,DT,0.7245901639344262,0.7411965339233039,0.7250171998624011,0.7411965339233039,0.7200122399020807,0.44964770579137303,0.7411965339233039,0.008314847946166992,0.0037832260131835938
ARP,0,1,1,DT,0.7049180327868853,0.7237509218289085,0.7089215011189534,0.7237509218289085,0.7009803921568627,0.41431253733890927,0.7237509218289085,0.008209705352783203,0.0
ARP,0,1,2,DT,0.7278688524590164,0.7438007005899705,0.7274466804265566,0.7438007005899705,0.7231063713426306,0.4552751059755127,0.7438007005899705,0.0065076351165771484,0.0
ARP,0,1,3,DT,0.7114754098360656,0.7289592551622419,0.7136559139784946,0.7289592551622419,0.7071659247621542,0.4253907086277028,0.728959255162242,0.01119542121887207,0.0
ARP,0,1,4,DT,0.7245901639344262,0.7411965339233039,0.7250171998624011,0.7411965339233039,0.7200122399020807,0.44964770579137303,0.7411965339233039,0.008307695388793945,0.0
