,precision,recall,f1-score,support
1,1.0,0.999751267477431,0.999875618269825,188958.0
0,0.0,0.0,0.0,0.0
accuracy,0.999751267477431,0.999751267477431,0.999751267477431,0.999751267477431
macro avg,0.5,0.4998756337387155,0.4999378091349125,188958.0
weighted avg,1.0,0.999751267477431,0.999875618269825,188958.0
