Dataset,SW,T,CV,ML,Acc,b_Acc,Prec,Rec,F1,kap,ROC,tra-T,test-T
BF,0,1,0,KNN,0.9266211604095563,0.847513440860215,0.8642831983092638,0.847513440860215,0.8555781630606104,0.7111977077363897,0.8475134408602151,0.0,0.04772782325744629
BF,0,1,1,KNN,0.9266211604095563,0.847513440860215,0.8642831983092638,0.847513440860215,0.8555781630606104,0.7111977077363897,0.8475134408602151,0.0,0.047629594802856445
BF,0,1,2,KNN,0.9266211604095563,0.847513440860215,0.8642831983092638,0.847513440860215,0.8555781630606104,0.7111977077363897,0.8475134408602151,0.0,0.03948688507080078
BF,0,1,3,KNN,0.9266211604095563,0.847513440860215,0.8642831983092638,0.847513440860215,0.8555781630606104,0.7111977077363897,0.8475134408602151,0.0,0.04687833786010742
BF,0,1,4,KNN,0.9266211604095563,0.847513440860215,0.8642831983092638,0.847513440860215,0.8555781630606104,0.7111977077363897,0.8475134408602151,0.0,0.0642552375793457
