,precision,recall,f1-score,support
1,0.0,0.0,0.0,209.0
0,0.5,1.0,0.6666666666666667,209.0
accuracy,0.5,0.5,0.5,0.5
macro avg,0.25,0.5,0.33333333333333337,418.0
weighted avg,0.25,0.5,0.33333333333333337,418.0
