,precision,recall,f1-score,support
1,0.8738738738738739,0.941747572815534,0.9065420560747663,103.0
0,0.9939148073022313,0.9859154929577464,0.98989898989899,994.0
accuracy,0.9817684594348222,0.9817684594348222,0.9817684594348222,0.9817684594348222
macro avg,0.9338943405880527,0.9638315328866403,0.9482205229868781,1097.0
weighted avg,0.9826438718937347,0.9817684594348222,0.9820724044989033,1097.0
