Dataset,SW,T,CV,ML,Acc,b_Acc,Prec,Rec,F1,kap,ROC,tra-T,test-T
SP,0,1,0,KNN,0.959890610756609,0.8864888359281905,0.8798915130568357,0.8864888359281905,0.8831532264311721,0.7663087157340254,0.8864888359281906,0.0,0.10826420783996582
SP,0,1,1,KNN,0.959890610756609,0.8864888359281905,0.8798915130568357,0.8864888359281905,0.8831532264311721,0.7663087157340254,0.8864888359281906,0.0,0.0870521068572998
SP,0,1,2,KNN,0.959890610756609,0.8864888359281905,0.8798915130568357,0.8864888359281905,0.8831532264311721,0.7663087157340254,0.8864888359281906,0.0,0.11007571220397949
SP,0,1,3,KNN,0.959890610756609,0.8864888359281905,0.8798915130568357,0.8864888359281905,0.8831532264311721,0.7663087157340254,0.8864888359281906,0.0,0.09261631965637207
SP,0,1,4,KNN,0.959890610756609,0.8864888359281905,0.8798915130568357,0.8864888359281905,0.8831532264311721,0.7663087157340254,0.8864888359281906,0.0,0.09092855453491211
