Dataset,SW,T,CV,ML,Acc,b_Acc,Prec,Rec,F1,kap,ROC,tra-T,test-T
SYN,0,1,0,DT,0.9998027872732054,0.9835164835164836,0.9999008198889183,0.9835164835164836,0.9915705167574675,0.9831410615412578,0.9835164835164836,0.03787565231323242,0.009614706039428711
SYN,0,1,1,DT,0.9997370496976071,0.9780219780219781,0.9998677685950413,0.9780219780219781,0.9886979204976125,0.9773959081719914,0.9780219780219781,0.04686546325683594,0.0
SYN,0,1,2,DT,0.9998685248488036,0.989010989010989,0.9999338755537923,0.989010989010989,0.9944113800349748,0.9888227682825844,0.9890109890109889,0.03125643730163574,0.0
SYN,0,1,3,DT,0.9998027872732054,0.9944393613132454,0.9890973659995399,0.9944393613132454,0.9917536771541838,0.9835073572885511,0.9944393613132454,0.03126072883605957,0.015626907348632812
SYN,0,1,4,DT,0.9994740993952143,0.9669668338407178,0.9883074000189989,0.9669668338407178,0.9773958409952249,0.9547918163439828,0.9669668338407179,0.038607120513916016,0.004006147384643555
