,precision,recall,f1-score,support
1,0.0,0.0,0.0,44.0
0,0.9925017041581459,1.0,0.9962367430721863,5824.0
accuracy,0.9925017041581459,0.9925017041581459,0.9925017041581459,0.9925017041581459
macro avg,0.49625085207907293,0.5,0.4981183715360932,5868.0
weighted avg,0.9850596327568237,0.9925017041581459,0.9887666652441057,5868.0
