,precision,recall,f1-score,support
1,0.46367541418049196,1.0,0.6335708984766615,155.0
0,0.9,0.014835164835164835,0.028960124041445233,182.0
accuracy,0.4679525222551929,0.4679525222551929,0.4679525222551929,0.4679525222551929
macro avg,0.6818377070902459,0.5074175824175824,0.33126551125905335,337.0
weighted avg,0.6993165851571996,0.4679525222551929,0.3070451983365744,337.0
