,precision,recall,f1-score,support
Benign,0.9782944630608068,0.9997580498925739,0.9886216057533114,3719.8
ACK,0.6971677068451262,0.6992779783393501,0.6982166379572398,280.2
accuracy,0.9780750000000001,0.9780750000000001,0.9780750000000001,0.9780750000000001
macro avg,0.8377310849529666,0.8495180141159621,0.8434191218552757,4000.0
weighted avg,0.9580139159640033,0.9780750000000001,0.9676686156945753,4000.0
