,precision,recall,f1-score,support
Benign,0.6482438629249613,0.07122510898900106,0.12776847869436134,1045.2
ARP,0.7624805359766138,0.9863037901235785,0.8600437716911387,3159.6
accuracy,0.7588234182721625,0.7588234182721625,0.7588234182721625,0.7588234182721625
macro avg,0.7053621994507875,0.5287644495562898,0.49390612519275,4204.8
weighted avg,0.7342523449379652,0.7588234182721625,0.6780252596390878,4204.8
