,precision,recall,f1-score,support
Benign,0.7700896674608059,0.7094951251220576,0.7383967469699269,1045.2
ARP,0.90630818703051,0.9299075769879058,0.917937376308697,3159.6
accuracy,0.8750712927272705,0.8750712927272705,0.8750712927272705,0.8750712927272705
macro avg,0.8381989272456579,0.8197013510549815,0.828167061639312,4204.8
weighted avg,0.8724977861104397,0.8750712927272705,0.8733067680522826,4204.8
