,precision,recall,f1-score,support
Benign,0.9999544911113624,1.0,0.9999772436151296,8785.4
BF,1.0,0.9959416924370196,0.997954289041744,102.2
accuracy,0.9999549917014882,0.9999549917014882,0.9999549917014882,0.9999549917014882
macro avg,0.9999772455556812,0.9979708462185097,0.9989657663284367,8887.6
weighted avg,0.9999549993801251,0.9999549917014882,0.9999548160153179,8887.6
