,precision,recall,f1-score,support
Benign,0.9998300306761954,0.9999905537842585,0.9999102816397707,21183.0
HTTP,0.9997780219563632,0.9960067184046286,0.9978865254009831,893.6
accuracy,0.9998278727020125,0.9998278727020125,0.9998278727020125,0.9998278727020125
macro avg,0.9998040263162793,0.9979986360944435,0.9988984035203771,22076.6
weighted avg,0.9998278844550391,0.9998278727020125,0.999827629366802,22076.6
