,precision,recall,f1-score,support
Benign,0.9599499999999999,1.0,0.979565221843625,3839.8
HTTP,0.0,0.0,0.0,160.2
accuracy,0.9599499999999999,0.9599499999999999,0.9599499999999999,0.9599499999999999
macro avg,0.47997499999999993,0.5,0.4897826109218125,4000.0
weighted avg,0.9215062000000002,0.9599499999999999,0.9403347781563747,4000.0
