,precision,recall,f1-score,support
Benign,1.0,0.948890251326074,0.9737738459484762,18587.4
MHDis,0.04243832119511702,1.0,0.08138758540649349,42.0
accuracy,0.9490053284135833,0.9490053284135833,0.9490053284135833,0.9490053284135833
macro avg,0.5212191605975585,0.974445125663037,0.527580715677485,18629.4
weighted avg,0.9978419494709616,0.9490053284135833,0.9717632990125505,18629.4
