,precision,recall,f1-score,support
Benign,1.0,0.9997795461152454,0.9998897591102611,12700.2
OS,0.9772585275900442,1.0,0.9884767777880248,121.0
accuracy,0.9997816113404163,0.9997816113404163,0.9997816113404163,0.9997816113404163
macro avg,0.9886292637950221,0.9998897730576228,0.9941832684491431,12821.2
weighted avg,0.999787343586281,0.9997816113404163,0.999783052099897,12821.2
