,precision,recall,f1-score,support
Benign,0.9580161021585047,0.9994996586016622,0.9783120788036733,2000.0
SCHD,0.9191666666666667,0.1029237813709786,0.18455453113851417,97.6
accuracy,0.9577606894955935,0.9577606894955935,0.9577606894955935,0.9577606894955935
macro avg,0.9385913844125856,0.5512117199863203,0.5814333049710939,2097.6
weighted avg,0.9562541979239697,0.9577606894955935,0.9413567621226762,2097.6
