,precision,recall,f1-score,support
Benign,1.0,0.999915451275022,0.9999577167000128,2365.0
SCHD,0.9979591836734695,1.0,0.9989743589743589,97.6
accuracy,0.9999187817225398,0.9999187817225398,0.9999187817225398,0.9999187817225398
macro avg,0.9989795918367348,0.9999577256375108,0.999466037837186,2462.6
weighted avg,0.9999196104804732,0.9999187817225398,0.9999189813890912,2462.6
