,precision,recall,f1-score,support
Benign,0.9998736999412046,1.0,0.9999368366745054,2365.0
SP,1.0,0.9987429555710599,0.9993701563581192,248.4
accuracy,0.9998852040778978,0.9998852040778978,0.9998852040778978,0.9998852040778978
macro avg,0.9999368499706023,0.9993714777855299,0.9996534965163122,2613.4
weighted avg,0.9998852524070209,0.9998852040778978,0.9998850956572936,2613.4
