,precision,recall,f1-score,support
Benign,0.9993989300779405,0.9998993457473577,0.9996488863368175,2000.0
SP,0.9992395437262356,0.9952835321343763,0.9972462840278251,248.4
accuracy,0.9993773230965444,0.9993773230965444,0.9993773230965444,0.9993773230965444
macro avg,0.999319236902088,0.997591438940867,0.9984475851823212,2248.4
weighted avg,0.9993788020214216,0.9993773230965444,0.9993760988893252,2248.4
