,precision,recall,f1-score,support
Benign,0.9998643320257139,0.9986861449428149,0.9992748423206848,4417.0
SYN,0.9984526819798318,0.9998391061290615,0.9991453471170034,3740.6
accuracy,0.9992154699496757,0.9992154699496757,0.9992154699496757,0.9992154699496757
macro avg,0.9991585070027729,0.9992626255359383,0.9992100947188443,8157.6
weighted avg,0.9992164908021983,0.9992154699496757,0.9992155150183031,8157.6
