,precision,recall,f1-score,support
Benign,0.9998636202250871,0.9993877708569977,0.999625598989919,4417.0
SYN,0.9992799921651994,0.999840318378736,0.9995600221091122,3740.6
accuracy,0.9995954680520068,0.9995954680520068,0.9995954680520068,0.9995954680520068
macro avg,0.9995718061951433,0.999614044617867,0.9995928105495155,8157.6
weighted avg,0.9995957144187241,0.9995954680520068,0.9995954778641389,8157.6
