,precision,recall,f1-score,support
Benign,0.9984727271568306,0.9982086654920691,0.9983395926119686,2167.2
SYN,0.9978628714931881,0.9982081130774597,0.9980339754839529,1832.8
accuracy,0.9982,0.9982,0.9982,0.9982
macro avg,0.9981677993250095,0.9982083892847644,0.9981867840479609,4000.0
weighted avg,0.9982026102136563,0.9982,0.9982000117465262,4000.0
