,precision,recall,f1-score,support
1,0.5074596569572718,1.0,0.6732646603379787,10000.0
0,1.0,0.0294,0.057120652807460634,10000.0
accuracy,0.5147000000000002,0.5147000000000002,0.5147000000000002,0.5147000000000002
macro avg,0.7537298284786359,0.5147000000000002,0.3651926565727197,20000.0
weighted avg,0.7537298284786359,0.5147000000000002,0.3651926565727197,20000.0
