,precision,recall,f1-score,support
1,0.5944071762372845,0.9977199999999999,0.7447920164118996,10000.0
0,0.9949050279329608,0.31774,0.47940455328147913,10000.0
accuracy,0.65773,0.65773,0.65773,0.65773
macro avg,0.7946561020851226,0.65773,0.6120982848466893,20000.0
weighted avg,0.7946561020851227,0.65773,0.6120982848466893,20000.0
