,precision,recall,f1-score,support
1,0.9836244458006387,0.9981557067271354,0.9907690865685586,6615.0
0,0.9980298903717569,0.9822624147231478,0.9899997267461336,6303.0
accuracy,0.990400990865459,0.990400990865459,0.990400990865459,0.990400990865459
macro avg,0.9908271680861978,0.9902090607251415,0.9903844066573463,12918.0
weighted avg,0.990653205448553,0.990400990865459,0.9903936975794935,12918.0
