,precision,recall,f1-score,support
1,0.9886882523868825,0.9519384492406076,0.9699653838322135,10008.0
0,0.9536251446201314,0.9891,0.97103868054192,10000.0
accuracy,0.9705117952818872,0.9705117952818872,0.9705117952818872,0.9705117952818872
macro avg,0.9711566985035068,0.9705192246203038,0.9705020321870668,20008.0
weighted avg,0.9711637083211329,0.9705117952818872,0.9705018176135543,20008.0
