Dataset,SW,T,CV,ML,Acc,b_Acc,Prec,Rec,F1,kap,ROC,tra-T,test-T
ACK,0,1,0,LR,0.3702820260979374,0.5883110738151416,0.508347503444951,0.5883110738151416,0.2911690042638922,0.012014171210356972,0.5883110738151415,0.10625004768371582,0.0
ACK,0,1,1,LR,0.3702820260979374,0.5883110738151416,0.508347503444951,0.5883110738151416,0.2911690042638922,0.012014171210356972,0.5883110738151415,0.09407258033752441,0.0
ACK,0,1,2,LR,0.3702820260979374,0.5883110738151416,0.508347503444951,0.5883110738151416,0.2911690042638922,0.012014171210356972,0.5883110738151415,0.09795045852661133,0.0
ACK,0,1,3,LR,0.3702820260979374,0.5883110738151416,0.508347503444951,0.5883110738151416,0.2911690042638922,0.012014171210356972,0.5883110738151415,0.09448027610778809,0.0
ACK,0,1,4,LR,0.3702820260979374,0.5883110738151416,0.508347503444951,0.5883110738151416,0.2911690042638922,0.012014171210356972,0.5883110738151415,0.10961198806762695,0.0
