,precision,recall,f1-score,support
1,0.5712356221680028,0.7663716814159292,0.654568324757004,113.0
0,0.8279093455564043,0.6614583333333334,0.7353807489318924,192.0
accuracy,0.700327868852459,0.700327868852459,0.700327868852459,0.700327868852459
macro avg,0.6995724838622036,0.7139150073746313,0.6949745368444482,305.0
weighted avg,0.7328138349239801,0.700327868852459,0.7054404081720158,305.0
