,precision,recall,f1-score,support
1,1.0,0.004807692307692307,0.009569377990430622,208.0
0,0.3727272727272727,1.0,0.5430463576158939,123.0
accuracy,0.37462235649546827,0.37462235649546827,0.37462235649546827,0.37462235649546827
macro avg,0.6863636363636364,0.502403846153846,0.27630786780316235,331.0
weighted avg,0.7669046965119471,0.37462235649546827,0.2078100683044246,331.0
