,precision,recall,f1-score,support
1,0.41761363636363635,0.9363057324840763,0.5776031434184676,157.0
0,0.0,0.0,0.0,205.0
accuracy,0.40607734806629836,0.40607734806629836,0.40607734806629836,0.40607734806629836
macro avg,0.20880681818181818,0.46815286624203817,0.2888015717092338,362.0
weighted avg,0.18111972626820694,0.40607734806629836,0.2505074406538658,362.0
