Dataset,SW,T,CV,ML,Acc,b_Acc,Prec,Rec,F1,kap,ROC,tra-T,test-T
SYN,0,1,0,LR,0.9989481987904286,0.917549350986293,0.9930109533677423,0.917549350986293,0.9521165420160662,0.9042367766471697,0.9175493509862931,24.687532424926758,0.0021305084228515625
SYN,0,1,1,LR,0.9996055745464107,0.9724944059313478,0.99408758430702,0.9724944059313478,0.9830468807464185,0.9660938622579871,0.972494405931348,2.147303342819214,0.0
SYN,0,1,2,LR,0.9992111490928215,0.9449888118626959,0.9876213161191265,0.9449888118626959,0.9653188942718723,0.9306386319231608,0.9449888118626959,0.9901928901672363,0.0
SYN,0,1,3,LR,0.9997370496976071,0.9834834169203589,0.9942828358025985,0.9834834169203589,0.9888227600699496,0.9776455365651688,0.983483416920359,2.50944185256958,0.0
SYN,0,1,4,LR,0.9988824612148304,0.9120548454917874,0.9928925114053633,0.9120548454917874,0.9488208696794862,0.8976462970380421,0.9120548454917875,20.357365369796753,0.0
